id,filename,status,result
2,celable.jpg,queued,
4,celable.jpg,queued,
5,celable.jpg,queued,
7,celable.jpg,queued,
8,celable.jpg,completed,Processed successfully
9,celable.jpg,completed,Processed successfully
6,celable.jpg,completed,Processed successfully
3,celable.jpg,completed,Processed successfully
1,celable.jpg,queued,null
10,document pdf .pdf,completed,Processed successfully
12,document pdf .pdf,completed,Processed successfully
11,document pdf .pdf,completed,Processed successfully
13,document pdf .pdf,completed,
